ID,Inertia,Proactive,Flexibility
71,-0.69,0.32,0.39
72,0.45,-0.38,0.41
74,-0.14,0.15,0.25
75,0.30,-0.14,0.13
76,0.33,0.33,0.45
77,0.16,0.43,0.28
79,0.30,-0.38,-0.51
81,-0.19,0.31,0.27
82,-0.43,-0.09,-0.17
83,-0.22,0.27,0.45
84,-1.00,0.37,0.30
85,0.17,0.34,0.07
87,-0.11,-0.56,-0.03
88,0.54,-0.43,-0.38
89,-0.45,-0.05,-0.15
90,-0.16,0.35,0.18
91,0.17,0.54,0.19
92,-0.75,0.38,0.32
93,-0.34,0.18,0.26
94,-0.43,-0.19,-0.26
96,-0.62,0.37,0.29
97,0.22,-0.67,0.05
98,-0.50,0.05,-0.03
99,0.18,0.12,-0.16
100,-0.64,0.16,0.14
101,0.05,-0.48,-0.13
102,-0.33,0.25,-0.09
103,1.03,0.30,-0.18
104,-0.01,0.12,0.04
105,-0.34,0.57,0.39
106,0.27,0.55,0.29
107,0.34,0.13,0.14
108,-0.03,0.09,0.07
109,0.11,-0.29,-0.05
111,-0.15,0.33,0.03
112,0.17,0.53,0.12
113,0.06,-0.39,-0.32
114,0.48,0.15,0.06
115,0.10,0.15,0.25
116,0.04,0.09,0.06
117,0.83,-0.63,0.17
118,0.76,-0.24,0.09
119,0.05,0.31,-0.16
120,0.23,-0.19,-0.20
122,-0.06,-0.31,-0.21
123,0.77,0.36,-0.20
124,-0.34,0.30,0.22
126,-0.30,-0.27,-0.15
127,-0.37,0.06,0.02
128,-1.00,0.44,0.31
130,0.04,0.35,0.17
131,0.55,-0.16,-0.02
133,0.35,-0.54,-0.09
134,0.64,0.60,0.42
135,0.28,0.33,-0.02
137,0.31,-0.07,-0.23
138,0.09,0.30,0.47
140,0.35,-0.11,-0.11
141,-0.68,-0.20,0.15
142,-0.19,0.39,0.46
143,-0.73,0.24,-0.23
144,0.28,-0.10,0.01
145,-1.18,0.64,0.44
146,0.31,-0.47,-0.03
147,0.04,0.30,0.01
148,-0.01,-0.32,-0.23
149,-0.32,0.20,0.39
152,-0.99,0.04,0.14
154,-0.19,-0.21,-0.11
155,-0.61,-0.27,0.06
156,0.04,0.40,0.05
157,-0.07,0.26,-0.04
158,0.48,-0.08,-0.09
159,0.35,0.01,-0.05
162,-0.26,0.27,0.04
163,0.34,-0.22,0.20
165,-0.14,0.35,0.15
166,0.04,0.58,0.08
167,-1.00,0.35,0.38
168,-0.36,-0.72,-0.30
169,-0.38,0.06,0.25
172,-0.20,-0.14,0.12
173,0.03,-0.30,0.32
174,0.00,-0.14,-0.09
175,0.30,0.15,0.02
176,0.58,0.34,0.06
177,0.33,0.26,0.38
178,-0.53,-0.35,-0.30
179,0.28,-0.16,-0.02
180,-0.30,-0.36,-0.36
181,-0.64,0.52,0.31
182,-0.06,-0.32,-0.03
183,1.03,0.12,-0.16
187,0.66,0.29,-0.25
188,-0.09,0.42,0.21
189,0.78,-0.27,0.11
190,1.00,0.59,0.59
191,-0.48,-0.59,-0.05
192,0.35,0.04,-0.10
193,0.00,0.30,-0.18
194,0.05,-0.51,-0.13
195,0.28,-0.49,0.00
196,-0.12,-0.04,-0.48
197,0.49,-0.48,-0.14
198,-0.01,-0.14,-0.29
199,0.47,0.41,0.17
200,-0.27,0.09,0.27
202,-0.13,-0.17,-0.06
203,-0.26,-0.06,0.05
204,-0.25,0.72,-0.51
206,0.49,-0.11,-0.30
208,0.96,0.20,0.01
209,0.04,0.24,0.21
210,0.31,-0.38,-0.27
211,-0.12,0.02,-0.21
212,0.48,-0.47,-0.03
213,0.18,-0.47,0.00
214,-0.56,0.36,0.19
215,-0.44,0.05,-0.03
216,0.18,-0.37,-0.65
217,0.78,-0.64,0.24
218,-0.68,0.09,0.03
219,0.67,-0.90,-0.26
220,-0.13,-0.49,0.02
221,0.87,0.81,0.62
222,0.10,0.34,0.12
223,0.04,0.00,0.05
224,0.30,0.15,0.02
225,0.97,-0.31,-0.21
226,-0.32,-0.41,-0.27
227,0.48,0.34,0.06
228,-0.70,0.79,0.44
229,0.01,0.16,-0.30
230,0.05,0.12,-0.18
231,-0.26,-0.15,0.10
232,1.02,0.42,0.26
233,0.17,-0.12,-0.42
234,-0.13,-0.48,-0.13
235,0.04,0.33,-0.01
236,0.34,0.14,0.16
237,0.80,0.01,-0.31
239,0.06,0.03,-0.37
240,-0.33,-0.14,0.15
242,-0.27,0.37,0.28
243,0.04,0.13,0.08
244,-0.14,0.43,0.29
245,0.47,0.16,-0.31
246,0.00,0.51,0.00
247,0.42,0.35,-0.26
248,-0.09,0.53,0.14
249,-1.10,0.42,0.03
250,0.43,-0.21,-0.56
251,0.51,0.36,0.27
252,0.31,-0.36,-0.12
253,-0.51,0.33,0.03
255,-0.03,-0.31,0.22
257,-0.45,0.09,0.25
258,-0.05,-0.29,-0.49
260,0.84,0.07,-0.31
261,0.12,0.34,-0.38
262,0.96,-0.12,0.07
263,0.17,-0.22,-0.40
264,0.35,-0.11,-0.12
265,0.17,0.18,-0.01
266,-0.62,-0.19,0.22
267,0.17,0.34,0.07
268,-0.82,0.33,0.44
269,-0.20,0.28,-0.14
270,0.47,0.35,0.16
271,-0.26,-0.09,0.02
272,-0.26,-0.28,0.00
274,0.77,0.58,-0.14
275,-0.37,-0.32,-0.10
276,0.15,0.41,0.13
277,-0.19,-0.59,-0.24
278,-0.50,-0.17,0.15
279,0.18,0.05,-0.26
281,-0.13,0.59,-0.04
282,0.35,-0.36,0.08
284,0.41,0.27,0.05
285,0.43,-0.61,-0.36
286,0.48,-0.31,0.01
287,-0.20,-0.64,0.04
288,0.12,-0.34,-0.40
290,0.11,-0.20,-0.10
291,0.17,-0.04,-0.06
293,0.34,-0.09,0.09
294,0.17,-0.25,0.00
295,-0.06,-0.39,-0.12
296,-0.13,-0.12,-0.18
297,-0.41,0.31,-0.17
298,0.53,-0.12,-0.17
299,-0.97,-0.06,0.25
301,-0.01,-0.04,-0.22
302,-0.23,-0.38,-0.31
303,-0.18,0.33,-0.43
304,-0.92,0.13,0.07
306,0.11,0.65,-0.07
307,0.66,-0.10,-0.25
308,-0.01,0.16,0.13
309,0.42,0.24,-0.16
311,-0.26,0.28,0.07
312,-0.12,-0.65,-0.25
313,0.29,-0.02,-0.10
314,-0.02,0.33,0.02
315,-0.21,0.35,0.18
316,-0.15,0.38,0.38
317,0.41,0.35,0.16
318,0.23,0.23,0.15
319,0.48,-0.58,0.08
321,-0.68,-1.02,0.13
322,0.04,-0.10,0.19
323,0.05,0.11,-0.24
324,0.48,0.14,-0.01
325,0.22,-0.14,0.11
326,0.17,0.33,0.02
327,-0.80,0.13,-0.37
328,-0.48,-0.36,-0.13
330,-0.48,0.11,-0.07
331,0.23,0.22,0.10
332,-0.32,-0.08,-0.30
333,0.90,-0.13,0.00
334,-0.13,0.34,0.07
335,-0.13,-0.14,0.12
336,-1.15,-0.50,-0.29
337,-0.36,-0.38,-0.29
338,0.41,0.13,0.12
340,-0.36,0.16,-0.35
341,-0.27,0.34,0.08
342,0.65,-0.16,0.02
343,0.11,-0.12,-0.19
344,-0.13,0.00,0.06
346,0.41,-0.51,0.09
347,0.48,-0.08,-0.07
348,1.04,-1.08,-0.22
349,-1.17,0.43,0.29
350,-0.18,0.20,-0.45
351,-0.15,0.30,-0.20
352,-0.06,-0.14,-0.09
353,-0.13,-0.41,-0.05
355,0.47,-0.41,-0.25
356,0.48,-0.45,0.09
358,-0.12,-0.24,-0.12
359,-0.44,-0.02,-0.06
360,0.58,0.08,0.23
361,0.65,0.39,-0.01
362,0.06,0.06,0.04
363,-0.34,-0.11,0.33
365,0.48,0.37,-0.14
367,-0.61,0.06,-0.15
368,-0.20,0.34,0.05
370,0.15,0.08,-0.01
371,0.05,-0.68,-0.03
372,-0.43,-0.03,-0.19
373,0.28,-0.54,0.08
374,-0.20,0.52,0.10
375,0.05,-0.20,-0.10
376,-0.27,-0.23,0.13
377,-0.06,-0.33,-0.11
380,0.45,0.18,0.25
381,0.48,-0.74,-0.04
383,-0.34,0.76,0.23
384,-0.02,-0.08,-0.08
385,-0.67,-0.18,-0.18
386,0.36,-0.40,-0.43
387,-0.13,-0.12,-0.18
388,0.34,0.35,0.19
391,-0.55,-0.25,0.22
392,-0.60,0.23,-0.30
394,-0.57,0.48,0.61
395,0.27,0.44,0.38
396,0.05,-0.07,-0.06
397,0.11,-0.05,0.12
398,-0.92,0.22,0.08
399,-0.03,-0.04,0.17
400,0.22,-0.30,-0.11
401,0.04,-0.26,-0.02
402,-0.18,0.12,0.00
403,-0.35,-0.23,-0.50
404,0.34,0.28,0.14
405,-0.57,-0.61,0.05
406,-0.25,0.28,-0.34
407,0.05,-0.05,-0.28
408,0.10,0.37,0.28
409,0.44,0.56,0.39
410,0.05,-0.03,-0.18
411,0.65,0.33,0.06
412,-0.27,0.22,0.11
413,0.23,0.55,0.29
414,-0.18,0.07,-0.31
415,0.28,-0.06,0.02
416,-0.08,-0.45,0.31
417,-0.19,-0.13,-0.23
418,0.66,0.10,-0.10
420,-0.07,-0.03,0.05
421,0.22,0.38,-0.05
422,0.05,-0.49,-0.19
423,-1.16,0.27,0.01
425,0.97,0.27,-0.18
426,-0.13,0.32,-0.05
427,-0.03,0.34,0.10
428,0.31,-0.02,-0.28
430,-0.14,0.35,0.18
431,0.27,0.35,0.19
432,0.34,-0.25,0.20
433,-0.05,-0.64,-0.39
434,0.18,0.31,-0.12
435,0.49,-0.22,-0.23
436,-0.37,-0.25,0.01
437,0.51,0.44,0.35
438,0.35,0.43,-0.11
439,-0.19,0.37,0.28
441,0.75,0.63,0.39
442,-0.61,-0.17,-0.05
443,-0.43,-0.16,-0.23
444,-0.01,0.22,-0.34
445,0.35,0.33,0.01
446,0.84,0.19,0.36
447,0.53,-0.55,-0.15
448,0.04,-0.05,0.13
451,0.04,0.06,0.06
452,0.04,0.06,0.07
453,0.18,-0.37,-0.22
454,0.18,0.32,-0.06
455,-0.07,0.73,0.02
456,0.35,-0.24,-0.16
457,0.57,0.36,0.44
458,0.34,-0.07,0.22
459,0.65,0.30,0.26
460,0.15,0.39,0.46
461,0.21,0.55,0.26
462,0.22,-0.51,-0.11
464,0.72,-0.02,0.14
466,0.82,0.14,0.21
467,0.13,0.11,-0.67
468,-0.19,-0.27,-0.10
470,-0.13,-0.12,-0.16
471,0.49,-0.24,-0.13
474,0.05,-0.15,-0.17
475,0.28,0.59,0.12
476,0.04,-0.39,0.08
477,0.49,-0.25,-0.38
478,-0.06,-0.36,-0.11
479,-0.07,-0.11,0.10
480,0.42,0.04,-0.12
481,-0.47,0.66,0.40
482,-0.27,0.34,0.08
483,-0.45,-0.51,-0.10
484,1.00,0.55,0.58
486,-0.38,0.33,0.03
487,0.47,-0.14,-0.27
488,-0.44,0.14,0.16
489,0.34,-0.01,0.20
490,-0.61,-0.33,-0.10
491,-0.19,0.58,-0.20
492,0.03,0.09,0.24
493,0.66,-0.19,-0.19
495,-0.09,-0.33,0.07
497,-0.69,-0.24,0.30
498,-0.27,-0.05,0.13
500,-0.14,-0.07,0.23
501,0.05,-0.52,-0.01
502,-0.44,-0.33,0.10
503,0.35,-0.42,-0.13
504,-0.25,0.14,0.15
505,-0.03,0.30,0.25
506,0.60,-0.16,-0.23
507,0.35,-0.32,-0.06
508,-0.25,-0.20,-0.29
509,0.48,0.15,0.06
510,-0.34,-0.21,0.52
511,0.30,0.38,-0.06
512,-0.63,-0.22,-0.01
514,0.03,-0.27,0.30
515,0.42,-0.19,-0.18
516,-0.64,-0.25,0.22
517,0.01,0.08,-0.23
518,0.18,0.18,-0.18
520,0.29,-0.16,-0.22
521,-0.19,-0.16,-0.23
522,0.42,-0.22,-0.21
523,-0.31,-0.11,0.15
524,-0.44,-0.29,0.13
525,0.42,-0.13,-0.20
526,0.59,-0.25,-0.22
527,-0.05,-0.23,-0.50
528,0.27,0.08,0.22
529,-0.30,0.10,-0.29
530,-0.21,-0.64,0.29
531,-0.26,0.28,0.07
532,-0.37,-0.21,-0.12
533,0.41,0.35,0.14
534,0.41,0.29,0.18
535,0.12,0.08,-0.24
536,0.04,0.39,-0.03
537,0.49,-0.27,-0.40
538,0.18,-0.70,-0.16
539,0.81,-0.63,-0.54
540,0.35,0.21,0.05
541,0.05,0.06,-0.17
542,0.66,-0.31,-0.18
543,-0.24,-0.08,-0.56
544,0.35,-0.29,-0.06
545,-0.46,-0.44,0.17
546,0.27,-0.64,0.30
548,-0.01,-0.65,0.16
549,-0.15,0.25,0.06
550,-0.99,0.36,0.17
551,-0.34,-0.11,0.33
552,0.46,-0.15,-0.15
554,0.15,-0.18,0.11
555,0.28,-0.01,-0.02
557,-0.19,-0.34,0.02
558,0.12,-0.46,-0.38
559,-1.17,0.29,0.14
560,-0.05,-0.70,-0.38
561,0.36,-0.49,-0.16
562,-0.66,-0.74,-0.47
563,0.29,-0.58,-0.17
564,0.28,0.18,0.04
566,0.65,-0.22,0.22
567,0.43,-0.47,-0.46
568,0.18,-0.16,-0.22
569,-0.61,-0.14,-0.13
570,-0.19,-0.43,-0.22
573,0.17,0.13,-0.51
574,0.76,0.58,0.51
575,-0.26,-0.32,0.12
576,0.54,-0.08,0.13
579,0.18,-0.20,-0.10
580,-0.42,0.09,0.07
581,0.18,-0.37,-0.17
582,0.36,-0.37,-0.19
583,0.49,-0.10,-0.19
586,-0.67,-0.30,-0.17
587,0.04,0.09,0.06
588,-0.03,-0.08,0.33
589,-0.25,-0.07,0.21
590,-0.61,0.04,-0.11
591,0.18,-0.40,-0.18
592,-0.26,-0.20,0.11
593,0.49,-0.37,-0.23
594,-0.65,-1.12,-0.60
595,0.05,-0.26,-0.26
596,-0.31,0.29,0.17
598,-0.26,-0.11,-0.08
600,-0.60,-0.26,-0.29
601,0.36,0.02,-0.26
602,-0.19,0.24,-0.19
603,-0.86,-0.17,0.15
605,0.00,-0.62,-0.02
606,-0.38,0.09,0.25
607,0.37,0.01,-0.53
608,0.78,0.45,0.22
609,-0.15,-0.06,0.05
610,-0.81,0.52,0.06
611,0.35,-0.40,0.00
612,-0.68,0.19,-0.14
614,-0.68,-0.29,0.14
618,0.48,-0.27,-0.11
619,0.01,-0.62,-0.25
621,-0.01,0.29,-0.29
622,0.85,-0.93,-0.50
623,0.49,0.03,-0.38
624,1.00,0.87,0.62
625,0.34,-0.49,0.25
626,-0.68,-0.08,0.14
627,0.47,0.82,0.22
628,0.41,-0.06,0.04
629,0.30,0.32,-0.04
630,-0.20,0.33,-0.02
631,-0.01,-0.30,-0.33
633,0.48,0.20,0.00
636,0.17,-0.07,0.00
637,-0.88,-0.51,-0.39
638,0.00,-0.08,-0.08
639,-0.26,-0.47,-0.04
640,0.58,-0.08,0.13
641,-0.49,0.17,0.19
642,0.04,-0.04,0.23
643,-0.32,-0.11,-0.34
644,0.00,0.29,-0.26
645,-0.62,0.52,0.06
646,-0.23,0.08,-0.28
647,-0.14,0.37,0.28
648,-0.68,0.38,-0.10
649,-0.31,0.25,0.07
651,0.17,-0.31,0.19
652,0.91,-0.51,-0.35
653,-0.68,-0.17,0.13
656,0.10,0.35,0.17
657,-0.06,0.17,-0.23
658,0.84,-0.45,-0.37
659,0.25,-0.64,-0.15
660,-0.02,-0.56,-0.01
661,-0.27,0.11,0.15
662,0.64,0.36,0.21
663,-0.20,0.12,0.03
664,-0.18,-0.50,-0.28
665,-0.07,0.39,-0.02
666,0.35,0.12,-0.21
667,0.52,0.07,0.11
668,0.34,0.56,0.14
669,0.82,0.33,0.28
670,-0.33,-0.08,0.08
671,-0.33,-0.33,0.08
672,-0.49,-0.20,-0.29
673,-0.07,-0.41,0.19
674,-0.06,-0.33,-0.11
675,0.66,0.13,-0.09
676,-1.17,-0.01,0.41
677,-0.43,0.28,-0.36
678,-0.07,-0.25,0.00
679,0.11,-0.18,0.11
680,-0.20,-0.21,0.03
681,-0.82,-0.12,0.24
682,0.05,-0.09,-0.18
683,-0.32,-0.06,0.23
684,0.15,0.55,0.05
685,0.34,0.02,0.15
686,-0.27,0.15,0.26
687,0.13,0.58,0.48
689,0.59,0.15,0.01
691,-0.20,0.13,0.13
693,0.46,0.29,0.56
694,0.19,-0.91,-0.36
695,-0.44,0.17,0.16
696,0.63,0.62,0.60
697,0.04,0.23,0.18
698,0.04,-0.14,0.14
699,-1.15,0.50,-0.26
700,0.41,-0.01,0.00
701,0.30,-0.39,-0.37
702,-0.68,0.14,-0.04
703,-0.33,0.05,-0.06
704,0.18,0.32,-0.08
705,0.42,0.04,-0.10
706,0.45,0.02,0.20
707,0.11,-0.19,-0.02
708,0.34,0.18,0.25
709,-0.01,0.40,0.10
710,0.03,0.15,0.25
711,0.34,-0.32,0.19
713,1.03,-0.15,-0.11
714,-0.81,0.22,0.04
715,-0.92,0.11,-0.04
716,-0.99,-0.06,0.25
717,-0.86,0.28,0.05
718,0.28,0.39,0.03
719,0.59,-0.30,-0.17
720,-0.19,-0.32,-0.25
721,-0.67,0.17,-0.32
722,0.10,0.39,0.05
723,0.28,-0.14,0.13
724,0.35,-0.08,-0.09
725,-0.43,-0.02,-0.09
726,-0.21,0.14,0.20
727,0.35,0.03,0.05
728,0.17,-0.14,0.11
729,0.83,-0.30,-0.12
730,-0.97,-0.31,-0.24
732,-0.15,-0.29,-0.07
733,-0.99,0.09,0.04
734,-0.21,-0.01,0.42
735,0.03,0.02,0.24
736,0.29,-0.37,-0.22
737,-0.01,-0.15,-0.39
739,-0.32,-0.10,0.23
741,0.03,0.18,0.25
742,-0.68,-0.07,-0.04
743,-0.91,-0.73,-0.14
744,-0.13,-0.25,-0.46
745,0.36,-0.23,-0.29
747,0.10,0.35,0.12
748,0.59,0.14,-0.24
749,-0.50,-0.42,-0.16
750,0.18,-0.29,-0.09
751,-0.44,-0.16,0.02
752,0.04,-0.05,0.10
753,-0.21,0.03,0.27
754,0.03,0.44,0.39
755,0.36,-0.13,-0.24
757,0.17,-0.04,0.23
759,-0.69,-0.09,0.24
760,0.78,-0.82,0.30
761,-0.44,-0.13,0.17
762,-0.45,-0.22,-0.03
765,0.53,-0.61,-0.13
766,-0.69,0.43,0.30
767,0.27,0.16,0.32
768,-0.32,-0.31,-0.25
769,0.37,0.01,-0.56
770,0.34,-0.17,0.13
771,-0.81,-0.03,0.04
772,0.03,0.18,0.48
773,-0.98,-0.46,-0.17
774,-0.16,0.19,0.09
775,-0.24,-0.29,-0.51
776,-0.79,0.34,0.04
777,0.04,-0.22,0.21
778,0.05,-0.41,-0.02
779,0.49,-0.34,-0.18
780,-0.30,0.30,-0.23
781,0.41,-0.38,0.18
782,0.97,0.09,-0.16
783,0.35,-0.58,0.08
784,0.11,-0.36,0.09
785,0.28,-0.19,0.21
786,-0.87,0.30,0.47
788,-0.28,0.32,0.40
789,-0.43,0.12,-0.17
790,-0.02,-0.58,0.06
791,-0.61,0.15,-0.02
792,-0.62,0.37,0.29
793,-0.07,-0.28,0.02
795,0.04,0.34,0.07
797,0.36,-0.61,-0.16
798,-0.44,-0.28,0.01
799,-0.14,0.17,0.18
803,0.04,0.22,0.06
804,-0.07,0.16,0.07
805,-0.14,0.23,0.16
806,-0.26,-0.10,-0.02
807,-0.13,-0.33,-0.11
808,-0.68,0.12,0.04
809,0.34,0.37,0.27
810,-0.84,-0.33,-0.32
811,0.49,0.09,-0.20
813,0.53,-0.34,0.00
814,-0.82,-0.41,0.33
815,-1.16,-0.29,-0.08
816,0.90,0.10,-0.08
817,0.30,-0.02,-0.53
818,-0.06,-0.47,-0.23
819,-0.61,-0.37,0.02
820,0.29,0.37,0.27
821,-0.92,-0.03,0.02
822,0.46,0.12,0.04
823,0.01,0.29,-0.30
824,-0.51,-0.39,0.12
826,0.30,-0.61,-0.38
827,-0.20,0.16,0.10
828,-0.30,-0.54,-0.10
829,0.19,-0.58,-0.35
830,-0.27,0.14,0.15
831,0.77,-0.45,-0.31
832,0.42,-0.16,-0.20
833,-0.06,-0.01,-0.07
834,-0.51,-0.05,0.32
835,0.34,0.09,0.24
836,0.48,0.53,-0.02
837,0.35,-0.36,-0.10
838,-0.43,-0.72,-0.10
839,-0.38,0.34,0.10
840,-0.31,0.14,0.18
841,0.28,-0.47,-0.03
843,-0.08,-0.08,-0.07
844,0.11,-0.06,0.02
846,-0.62,0.37,0.29
847,0.35,-0.15,-0.12
848,-0.19,-0.30,-0.13
849,0.34,-0.05,0.17
850,0.06,-0.67,-0.38
852,-0.31,0.17,0.16
853,0.49,-0.69,-0.26
855,0.11,-0.04,0.02
856,0.64,-0.08,0.39
858,0.95,0.56,0.13
859,-0.12,-0.68,-0.25
860,-0.25,0.10,0.13
862,-0.44,-0.39,0.12
863,-0.54,-0.32,-0.02
864,0.30,-0.72,-0.32
865,-0.44,-0.45,0.14
866,0.66,0.12,-0.16
869,0.66,-0.16,0.00
870,-0.15,-0.82,-0.57
871,0.36,-0.31,-0.18
873,-0.44,-0.25,0.03
874,-0.33,-0.09,0.07
875,-0.44,0.11,-0.05
876,-0.31,0.20,-0.49
877,-0.20,-0.32,0.12
879,-0.06,-0.08,-0.08
880,-0.68,-0.05,0.12
882,-0.25,-0.22,0.26
883,-0.18,0.02,-0.49
884,-0.61,0.20,-0.08
885,-0.20,-0.25,0.21
886,0.78,-0.12,-0.40
887,0.25,-0.21,-0.18
888,0.00,-0.07,-0.02
889,0.30,-0.18,0.10
890,-0.60,0.17,-0.26
891,0.41,0.36,0.24
892,0.11,0.12,0.02
893,-0.06,-0.61,-0.14
894,-0.44,-0.12,-0.38
895,-0.12,-0.82,-0.17
896,-0.07,-0.31,0.02
897,-0.08,0.14,0.38
899,0.53,0.10,-0.09
901,-0.14,0.16,0.08
902,-0.44,-0.22,0.01
903,0.24,-0.06,0.02
904,-0.67,-0.43,-0.19
905,-0.27,-0.05,0.34
906,-1.16,0.36,0.00
907,-0.62,0.08,0.15
908,-0.64,0.18,0.27
909,-0.24,-0.20,-0.09
910,-0.26,-0.33,0.08
911,-0.07,0.51,-0.01
912,0.67,-0.65,-0.47
913,0.11,-0.14,0.11
914,0.65,-0.10,0.23
915,0.04,0.22,0.08
916,-0.98,-0.46,0.04
917,0.19,0.06,-0.42
919,-0.52,0.31,0.31
920,0.53,0.07,-0.32
921,-0.63,0.32,-0.04
922,-0.14,0.20,0.16
923,0.30,-0.52,-0.39
924,-0.12,0.20,-0.27
925,0.11,-0.33,-0.11
926,0.04,-0.25,0.20
929,0.31,-0.42,-0.13
931,0.35,0.04,0.07
932,-0.98,-0.41,-0.08
934,-0.13,-0.14,-0.09
935,0.35,0.33,0.04
936,0.34,0.52,0.04
937,-0.32,-0.46,-0.24
938,0.42,0.07,-0.32
939,-0.20,0.29,0.15
940,-0.73,0.11,-0.27
941,0.48,0.33,-0.65
942,-0.13,0.38,-0.05
943,-0.44,0.22,0.09
944,-0.13,-0.30,-0.13
945,0.34,0.36,0.24
946,-0.14,-0.11,0.33
947,0.48,0.10,-0.12
948,0.74,0.45,0.47
949,-0.54,-0.07,-0.07
950,-0.85,-0.42,-0.13
951,0.10,0.37,0.32
953,-0.07,-0.31,0.02
954,0.36,-0.58,-0.17
955,0.28,-0.40,0.02
956,-0.27,0.28,0.12
957,-0.12,0.36,-0.23
958,-0.34,-0.04,0.23
959,0.16,-0.10,0.22
960,-0.26,0.21,0.04
961,-0.26,-0.34,0.00
962,-0.57,-0.38,0.18
963,-0.08,0.16,0.30
964,0.49,-0.45,-0.13
965,-0.30,-0.26,-0.07
966,-0.62,0.17,0.17
967,-0.44,0.28,0.07
968,0.35,-0.35,-0.04
969,1.05,-1.17,-0.43
971,-0.44,-0.04,-0.04
972,-0.33,-0.53,0.20
973,0.52,0.33,0.04
975,-0.82,0.20,0.42
976,0.97,0.30,-0.18
977,-0.26,0.04,-0.13
978,0.65,0.15,0.24
979,0.52,-0.04,0.01
981,0.42,0.22,-0.33
982,0.28,0.19,0.13
984,0.49,0.09,-0.37
985,0.05,-0.35,-0.03
986,-0.54,-0.42,-0.59
987,0.05,-0.13,-0.21
988,0.05,-0.32,-0.23
989,-0.68,0.13,0.12
990,-0.64,-0.12,0.30
992,-0.33,-0.12,0.05
993,0.27,0.37,0.27
994,-0.92,-0.06,0.03
995,0.34,0.03,0.29
996,0.52,-0.27,0.11
998,0.18,-0.22,0.00
999,-0.67,0.18,-0.16
1000,-0.43,-0.01,-0.01
1001,0.31,-0.03,-0.16
1002,-0.04,0.38,0.36
1003,-0.33,-0.32,0.17
1004,-0.19,-0.35,-0.26
1005,-0.67,0.24,-0.23
1006,-0.62,0.31,0.08
1007,0.06,0.16,0.10
1008,-0.20,-0.29,-0.02
1009,0.49,0.11,-0.25
1010,-0.15,0.11,-0.05
1012,0.04,0.15,0.02
1014,-0.55,0.39,-0.04
1016,0.19,-0.04,-0.28
1017,-0.19,0.08,-0.03
1018,0.18,0.23,-0.23
1019,-0.14,0.18,0.26
1020,0.04,-0.39,0.06
1021,-0.61,0.21,0.02
1023,-0.12,-0.51,-0.31
1024,0.54,0.21,-0.39
1025,-0.62,-0.13,0.23
1026,0.77,-1.07,-0.17
1027,0.67,0.07,-0.30
1030,-0.30,0.02,-0.27
1031,-0.02,-0.48,-0.13
1032,0.05,-0.21,-0.18
1033,-0.26,0.20,-0.07
1034,-0.32,0.29,-0.28
1035,0.41,-0.05,0.14
1038,-0.11,-0.53,-0.44
1039,-0.13,0.10,-0.10
1040,-1.14,-1.16,-0.39
1041,-0.34,0.31,0.28
1042,0.48,-0.07,0.04
1043,0.82,-0.08,0.13
1044,0.28,-0.19,0.03
1046,0.48,-0.33,0.08
1047,-0.44,0.20,-0.06
1050,-0.07,-0.03,0.05
1051,0.34,-0.14,0.13
1052,0.35,-0.23,-0.05
1053,-0.06,0.02,-0.27
1055,-1.16,-0.16,-0.02
1056,0.28,0.12,0.24
1057,0.19,-0.02,-0.30
1058,-0.43,0.35,-0.27
1060,0.36,-0.02,-0.35
1061,0.29,0.74,-0.29
1063,-0.67,-0.27,-0.19
1065,-0.01,-0.44,0.18
1066,0.15,-0.27,0.12
1067,-0.80,-0.09,-0.17
1068,-0.26,0.01,-0.12
1069,-0.50,-0.42,-0.11
1070,-0.27,-0.31,0.20
1071,-0.26,-0.17,-0.11
1072,-1.16,0.20,-0.02
1073,-0.86,-0.06,0.07
1074,0.59,0.19,-0.14
1075,-0.01,0.40,0.28
1076,-0.07,-0.05,0.15
1077,-0.14,0.17,0.18
1079,0.06,-0.27,-0.35
1080,-0.02,-0.27,-0.10
1081,-0.27,0.19,0.11
1082,0.53,-0.05,-0.06
1083,0.28,-0.55,0.01
1084,-0.43,0.31,-0.17
1086,0.36,-0.23,-0.29
1087,0.66,0.12,-0.15
1088,0.47,0.34,0.11
1089,0.55,-0.07,-0.01
1090,0.05,-0.37,-0.22
1092,-0.39,0.57,0.43
1093,0.82,0.13,0.31
1094,0.01,0.07,-0.32
1095,-1.00,0.39,0.40
1096,-0.17,0.46,0.52
1097,0.34,0.35,0.17
1098,0.10,0.04,0.16
1099,-0.24,0.27,-0.01
1100,0.90,0.18,-0.17
1102,0.41,-0.01,-0.03
1105,0.45,0.28,0.31
1106,-0.27,-0.06,0.23
1107,0.29,0.07,-0.29
1108,-0.26,0.33,0.00
1109,-0.14,0.35,0.15
1110,-0.02,-0.73,0.02
1111,-0.20,0.33,0.00
1112,0.05,0.49,-0.16
1113,0.34,0.15,0.27
1116,-0.27,0.31,0.10
1117,-0.42,0.35,-0.32
1118,0.66,0.39,-0.02
1120,0.43,-0.11,-0.32
1121,-0.26,-0.23,-0.04
1122,-0.28,-0.02,0.54
1124,-0.15,0.41,0.59
1125,0.65,0.35,0.14
1126,0.28,0.34,0.12
1127,0.49,0.30,-0.23
1129,0.15,0.32,-0.04
1130,-0.46,-0.06,0.24
1132,-0.26,0.31,-0.13
1133,-0.49,-0.16,-0.24
1134,0.11,-0.19,-0.02
1135,0.33,0.38,0.35
1136,-0.27,-0.04,0.24
1137,-0.16,0.14,-0.46
1139,-0.44,0.34,0.06
1140,-0.13,-0.11,-0.08
1141,0.41,-0.04,0.22
1142,0.41,-0.08,0.14
1143,0.33,0.29,0.39
1144,0.04,0.54,-0.01
1145,0.53,0.32,-0.07
1146,-0.62,0.63,0.20
1147,-0.49,0.65,0.32
1149,-0.63,0.39,0.39
1151,0.04,0.28,0.06
1153,0.65,-0.12,0.10
1155,0.35,-0.53,-0.01
1156,0.11,0.22,0.08
1157,0.83,-0.60,-0.06
1159,0.85,-0.12,-0.61
1161,-0.98,-0.16,0.00
1162,-0.82,-0.10,0.22
1163,0.05,0.05,-0.25
1164,-0.20,-0.16,0.22
1165,0.35,-0.28,0.04
1166,0.64,0.22,0.32
1167,-0.25,-0.34,-0.41
1169,-0.07,-0.44,0.18
1170,0.09,0.40,0.48
1171,0.35,0.31,-0.12
1172,-0.14,0.18,0.26
1173,-0.27,0.37,0.28
1174,-0.20,0.22,-0.12
1176,0.59,0.78,-0.06
1178,0.36,-0.16,-0.20
1179,0.35,-0.03,-0.18
1181,-0.69,0.30,0.21
1182,-0.61,0.32,-0.10
1183,-0.13,0.43,-0.12
1184,0.48,-0.11,0.13
1185,0.64,0.22,0.55
1188,0.48,0.09,0.03
1189,-0.01,-0.05,0.15
1190,-0.03,-0.16,0.21
1191,0.49,-0.17,-0.31
1192,-0.44,0.33,0.02
1193,-0.08,0.17,0.18
1194,-0.14,0.37,0.28
1195,-0.43,0.13,-0.12
1196,-0.32,-0.09,-0.14
1197,0.37,0.08,-0.43
1198,0.00,0.32,-0.06
1202,0.67,-0.27,-0.37
1203,-0.55,-0.01,-0.04
1204,-0.15,-0.28,0.41
1205,0.28,0.43,-0.10
1206,-0.66,0.54,0.62
1207,-0.18,-0.20,-0.47
1208,-0.38,0.35,0.13
1209,-0.55,-0.15,0.02
1210,-0.33,-0.21,0.07
1211,0.29,-0.24,-0.16
1212,0.50,-0.14,-0.50
1213,-0.07,0.01,0.14
1214,-0.81,0.38,-0.11
1215,-0.21,0.37,0.28
1217,-0.10,0.30,0.27
1218,-1.17,0.34,0.27
1219,0.34,0.16,0.09
1220,-0.91,-0.54,-0.11
1221,0.49,-0.44,-0.23
1223,0.24,0.10,-0.10
1225,0.18,-0.30,-0.11
1226,-0.06,-0.20,-0.09
1227,0.46,-0.21,-0.11
1228,1.00,0.87,0.62
1229,-0.07,-0.58,0.29
1230,0.83,-0.51,-0.10
1232,-0.60,-0.27,-0.36
1233,-0.27,0.02,0.16
1234,0.27,0.19,0.31
1235,0.24,0.32,-0.09
1236,0.49,-0.30,-0.16
1237,-0.07,-0.01,0.21
1238,-0.64,0.13,0.08
1239,-0.26,-0.08,0.11
1241,0.17,0.18,-0.01
1242,0.03,0.18,0.25
1243,-0.06,0.29,-0.28
1244,-0.03,0.30,0.27
1245,-0.19,-0.20,-0.09
1246,0.05,-0.42,-0.12
1247,0.16,0.43,0.26
1248,0.41,-0.27,0.07
1249,0.47,0.25,0.13
1250,-0.18,-0.72,-0.33
1251,0.34,0.13,0.14
1252,-0.26,0.37,-0.12
1253,0.66,0.24,-0.16
1254,-0.26,-0.42,0.11
1255,-0.20,0.46,0.09
1256,-0.06,-0.16,-0.21
1257,-0.45,0.37,0.29
1258,0.17,0.23,0.18
1260,0.34,-0.13,0.21
1261,0.35,0.31,-0.14
1262,0.49,-0.28,-0.22
1263,-0.32,0.43,0.29
1264,-0.31,0.02,-0.04
1265,0.28,-0.15,0.05
1266,-0.19,0.23,-0.22
1267,0.41,-0.25,0.24
1268,-0.50,-0.67,-0.14
1269,-0.44,0.06,0.07
1270,0.45,0.87,0.63
1271,0.17,0.08,0.16
1272,-0.33,-0.27,0.04
1273,0.11,0.29,-0.04
1274,-0.61,0.14,-0.07
1275,0.17,0.10,0.13
1276,-0.13,0.33,-0.03
1277,-0.51,-0.25,0.24
1278,-0.68,-0.89,0.17
1279,-0.28,0.38,0.36
1280,0.01,0.47,-0.55
1281,0.42,-0.36,-0.15
1282,-0.27,0.36,0.20
1283,-0.33,0.05,0.20
1284,-0.07,0.34,0.05
1285,-0.53,-0.11,-0.35
1286,-0.07,0.07,-0.37
1287,0.04,-0.11,0.12
1288,0.33,0.05,0.44
1289,0.35,0.48,-0.25
1290,-0.13,-0.32,0.12
1291,-0.12,-0.16,-0.23
1292,0.52,-0.13,0.21
1293,0.10,0.08,0.16
1294,-0.28,0.39,0.41
1295,-0.51,-0.05,0.08
1296,-0.38,0.15,0.20
1297,0.10,-0.14,0.34
1298,0.24,-0.46,-0.01
1301,0.48,0.33,0.03
1303,0.79,-0.12,-0.15
1305,0.17,0.34,0.09
1308,-0.43,0.02,-0.29
1310,0.35,0.00,-0.12
1314,0.22,-0.49,0.01
1316,0.36,-0.28,-0.21
1320,0.03,0.30,-0.24
1321,-0.14,0.11,0.15
1324,0.12,-0.08,-0.26
1325,0.11,0.22,0.08
1326,0.10,0.15,0.27
1327,-0.26,-0.32,-0.10
1328,-0.61,-0.10,-0.02
1330,0.04,0.35,0.17
1336,-0.61,0.33,-0.02
1338,0.10,0.60,0.23
1339,0.11,-0.01,0.00
1340,0.48,-0.30,0.11
1344,0.05,0.09,-0.19
1346,-0.62,-0.01,0.17
1348,0.52,-0.04,0.22
1350,-0.07,-0.97,0.07
1351,-0.63,-0.78,0.16
1352,0.36,-0.46,-0.38
1353,-1.16,0.25,-0.12
1354,0.05,-0.79,-0.17
1359,-0.14,0.50,0.12
1360,-0.44,0.39,-0.04
1362,-0.54,0.25,-0.13
1366,-0.54,-0.14,-0.08
1368,0.34,-0.05,0.14
1372,0.42,-0.29,-0.04
1373,-0.32,0.13,-0.15
1374,0.27,0.15,0.45
1384,0.17,0.26,-0.07
1385,0.17,-0.11,-0.06
1386,-0.56,0.30,0.23
1387,-0.01,0.42,0.23
1388,-0.97,0.52,-0.39
1389,-0.80,0.43,0.25
1391,0.16,0.37,0.27
1392,0.18,-0.34,-0.01
1393,0.36,-0.11,-0.32
1395,0.36,-0.51,-0.32
1398,-0.46,-0.06,0.24
1400,0.45,0.04,0.10
1401,-0.69,0.17,0.35
1404,-0.18,-0.30,-0.33
1405,-0.06,-0.08,-0.08
1406,-0.33,-0.29,-0.02
1407,-0.33,-0.16,0.02
1408,0.44,0.38,0.37
1409,-0.07,-0.22,0.01
1410,0.18,0.26,-0.07
1411,0.42,-0.11,-0.27
1412,0.18,-0.04,-0.02
1413,0.36,-0.37,-0.22
1414,-0.13,0.32,-0.05
1415,-0.99,-0.03,0.27
1416,0.05,-0.14,-0.07
1417,-1.16,0.38,-0.08
1418,-0.12,0.09,-0.44
1419,0.47,0.18,0.25
1420,-0.44,-0.13,-0.03
1422,0.28,-0.05,-0.08
1423,0.16,-0.44,-0.05
1424,0.00,0.03,-0.17
1425,0.30,0.22,0.07
1426,-0.26,0.09,-0.16
1427,-1.17,0.37,0.30
1428,0.17,0.35,0.15
1429,-1.17,0.05,0.37
1431,0.35,0.49,-0.17
1432,0.10,0.11,0.17
1433,0.29,-0.19,0.03
1434,0.20,-0.11,-0.11
1435,-0.62,0.33,0.01
1436,0.35,-0.03,0.02
1437,-0.03,0.36,0.20
1438,-0.24,-0.09,-0.17
1439,0.45,0.34,0.06
1442,0.52,-0.07,0.21
1443,0.48,0.30,-0.17
1446,0.03,0.43,0.28
1448,0.04,0.12,0.04
1449,0.05,-0.36,-0.15
1451,0.78,-0.40,-0.42
1452,0.74,-0.90,-0.50
1453,-0.26,0.40,0.49
1454,0.46,-0.09,0.03
1455,0.17,0.60,0.00
1460,-1.15,0.17,-0.31
1461,0.04,-0.02,0.10
1462,0.34,0.35,0.14
1463,0.42,0.04,-0.10
1464,0.66,-0.14,-0.31
1465,0.65,0.75,0.18
1466,0.04,0.27,0.04
1467,-0.02,0.13,-0.11
1470,-0.26,0.32,-0.07
1471,0.77,0.55,0.27
1472,-0.14,0.40,0.05
1473,0.35,0.38,-0.08
1475,-0.62,-0.32,0.11
1476,0.18,0.05,-0.05
1478,-0.13,-0.28,0.00
1479,0.35,0.03,-0.18
1480,0.18,0.31,-0.16
1484,0.52,0.38,-0.06
1489,-0.16,0.41,0.16
1492,0.42,-0.13,-0.20
1493,-0.68,0.52,0.06
1494,-0.69,0.19,0.27
1495,-0.79,-0.27,0.06
1496,-0.80,0.31,0.29
1497,1.05,0.30,-0.67
1499,0.42,-0.49,-0.14
1501,-0.68,0.11,-0.04
1505,-0.20,0.39,-0.02
1511,0.34,0.09,0.24
1524,-0.26,-0.28,0.03
1526,0.35,-0.32,-0.07
1531,0.34,-0.08,0.12
1533,0.36,-0.13,0.21
1542,-0.03,-0.59,0.16
1543,-0.06,-0.08,-0.08
1680,0.08,0.87,0.64
1690,0.42,0.37,-0.14
1692,-0.60,-0.40,-0.43
1710,-0.27,0.04,0.35
1720,0.42,-0.18,-0.12
1723,-0.27,0.80,0.08
1727,0.96,0.33,0.03
1747,-0.57,-0.08,0.11
1764,-0.43,0.54,-0.25
1765,0.35,0.39,0.02
1766,0.10,0.53,0.11
1767,0.04,0.33,0.02
1768,0.05,-0.29,-0.03
1769,-0.13,-0.17,-0.06
1770,0.27,0.41,0.18
1771,0.60,0.16,-0.31
1772,0.35,0.31,-0.12
1773,0.47,0.20,0.15
1774,-0.62,0.14,0.19
1775,0.75,-0.22,0.42
1776,0.41,-0.08,0.16
1778,0.31,0.05,-0.05
1779,0.16,0.20,0.38
1783,0.47,0.11,0.16
1786,0.34,0.21,0.07
1789,-0.61,0.11,-0.04
1792,0.24,0.38,-0.05
1793,-0.21,0.84,0.36
1794,0.34,-0.08,0.12
1795,0.36,0.04,-0.30
1796,0.47,0.35,0.16
1798,-0.75,-0.11,0.36
1804,0.35,0.39,0.02
1811,-0.32,0.31,0.28
1812,0.04,-0.16,0.01
1813,0.66,0.39,-0.19
1824,0.35,0.06,0.05
1831,0.42,0.02,-0.20
1838,-0.14,-0.05,0.10
1844,-0.26,0.20,-0.02
1862,0.78,0.29,0.20
1871,-0.21,0.21,0.26
1879,-0.13,0.31,-0.11
1882,-0.06,-0.08,-0.08
1884,-0.19,-0.22,-0.19
1892,0.34,0.15,0.24
1895,-0.12,-0.31,-0.43
1896,0.35,0.48,0.03
1897,0.22,0.27,0.01
1899,0.49,-0.30,-0.12
1900,-0.26,0.32,-0.05
1901,-0.21,0.55,0.25
1902,-0.13,0.09,-0.16
1903,0.67,-0.62,-0.24
1904,0.23,0.22,0.28
1905,0.23,0.35,0.15
1909,0.49,0.02,-0.23
1912,0.58,-0.16,0.20
1913,-0.17,-0.64,-0.17
